-- MySQL Script generated by MySQL Workbench
-- Tue Feb 16 19:46:10 2021
-- Model: New Model    Version: 1.0
-- MySQL Workbench Forward Engineering

SET @OLD_UNIQUE_CHECKS=@@UNIQUE_CHECKS, UNIQUE_CHECKS=0;
SET @OLD_FOREIGN_KEY_CHECKS=@@FOREIGN_KEY_CHECKS, FOREIGN_KEY_CHECKS=0;
SET @OLD_SQL_MODE=@@SQL_MODE, SQL_MODE='TRADITIONAL,ALLOW_INVALID_DATES';

-- -----------------------------------------------------
-- Schema drp18c
-- -----------------------------------------------------
DROP SCHEMA IF EXISTS `drp18c` ;

-- -----------------------------------------------------
-- Schema drp18c
-- -----------------------------------------------------
CREATE SCHEMA IF NOT EXISTS `drp18c` DEFAULT CHARACTER SET utf8 ;
SHOW WARNINGS;
USE `drp18c` ;

-- -----------------------------------------------------
-- Table `drp18c`.`petstore`
-- -----------------------------------------------------
CREATE TABLE IF NOT EXISTS `drp18c`.`petstore` (
  `pst_id` SMALLINT UNSIGNED NOT NULL,
  `pst_name` VARCHAR(30) NOT NULL,
  `pst_city` VARCHAR(30) NOT NULL,
  `pst_street` VARCHAR(30) NOT NULL,
  `pst_state` CHAR(2) NOT NULL,
  `pst_zip` CHAR(9) NOT NULL,
  `pst_phone` BIGINT UNSIGNED NOT NULL,
  `pst_email` VARCHAR(100) NOT NULL,
  `pst_url` VARCHAR(100) NOT NULL,
  `pst_ytd_sales` DECIMAL(10,2) NOT NULL,
  `pst_notes` VARCHAR(255) NULL,
  PRIMARY KEY (`pst_id`))
ENGINE = InnoDB;

SHOW WARNINGS;

-- -----------------------------------------------------
-- Table `drp18c`.`customer`
-- -----------------------------------------------------
CREATE TABLE IF NOT EXISTS `drp18c`.`customer` (
  `cus_id` SMALLINT UNSIGNED NOT NULL AUTO_INCREMENT,
  `cus_fname` VARCHAR(15) NOT NULL,
  `cus_lname` VARCHAR(30) NOT NULL,
  `cus_street` VARCHAR(30) NOT NULL,
  `cus_city` VARCHAR(30) NOT NULL,
  `cus_state` CHAR(2) NOT NULL,
  `cus_zip` CHAR(9) NOT NULL,
  `cus_phone` BIGINT UNSIGNED NOT NULL,
  `cus_email` VARCHAR(100) NOT NULL,
  `cus_balance` DECIMAL(8,2) NOT NULL,
  `cus_total_sales` DECIMAL(8,2) NOT NULL,
  `cus_notes` VARCHAR(255) NULL,
  PRIMARY KEY (`cus_id`))
ENGINE = InnoDB;

SHOW WARNINGS;

-- -----------------------------------------------------
-- Table `drp18c`.`pet`
-- -----------------------------------------------------
CREATE TABLE IF NOT EXISTS `drp18c`.`pet` (
  `pet_id` SMALLINT UNSIGNED NOT NULL AUTO_INCREMENT,
  `pst_id` SMALLINT UNSIGNED NOT NULL,
  `cus_id` SMALLINT UNSIGNED NULL,
  `pet_type` VARCHAR(45) NOT NULL,
  `pet_sex` ENUM('m', 'f') NOT NULL,
  `pet_cost` DECIMAL(6,2) NOT NULL,
  `pet_price` DECIMAL(6,2) NOT NULL,
  `pet_age` TINYINT NOT NULL,
  `pet_color` VARCHAR(30) NOT NULL,
  `pet_sale_date` DATE NULL,
  `pet_vaccine` ENUM('y', 'n') NOT NULL,
  `pet_neuter` ENUM('y', 'n') NOT NULL,
  `pet_notes` VARCHAR(255) NULL,
  PRIMARY KEY (`pet_id`),
  INDEX `fk_pet_customer_idx` (`cus_id` ASC),
  INDEX `fk_pet_petstore1_idx` (`pst_id` ASC),
  CONSTRAINT `fk_pet_customer`
    FOREIGN KEY (`cus_id`)
    REFERENCES `drp18c`.`customer` (`cus_id`)
    ON DELETE CASCADE
    ON UPDATE CASCADE,
  CONSTRAINT `fk_pet_petstore1`
    FOREIGN KEY (`pst_id`)
    REFERENCES `drp18c`.`petstore` (`pst_id`)
    ON DELETE CASCADE
    ON UPDATE CASCADE)
ENGINE = InnoDB;

SHOW WARNINGS;

SET SQL_MODE=@OLD_SQL_MODE;
SET FOREIGN_KEY_CHECKS=@OLD_FOREIGN_KEY_CHECKS;
SET UNIQUE_CHECKS=@OLD_UNIQUE_CHECKS;

-- -----------------------------------------------------
-- Data for table `drp18c`.`petstore`
-- -----------------------------------------------------
START TRANSACTION;
USE `drp18c`;
INSERT INTO `drp18c`.`petstore` (`pst_id`, `pst_name`, `pst_city`, `pst_street`, `pst_state`, `pst_zip`, `pst_phone`, `pst_email`, `pst_url`, `pst_ytd_sales`, `pst_notes`) VALUES (1, 'Claws and Paws', 'L.A.', '123 Maint St.', 'CA', '32356', 8185551234, 'clawsandpaws@gmail.com', 'http://clawsandpaws.com', 50000, 'notes 1');
INSERT INTO `drp18c`.`petstore` (`pst_id`, `pst_name`, `pst_city`, `pst_street`, `pst_state`, `pst_zip`, `pst_phone`, `pst_email`, `pst_url`, `pst_ytd_sales`, `pst_notes`) VALUES (2, 'Furry Friends', 'Chicago', '1435 Chase Dr.', 'IL', '59402', 8471234567, 'furryfriends@hotmail.com', 'http://furryfriends.com', 65000, 'notes 2');
INSERT INTO `drp18c`.`petstore` (`pst_id`, `pst_name`, `pst_city`, `pst_street`, `pst_state`, `pst_zip`, `pst_phone`, `pst_email`, `pst_url`, `pst_ytd_sales`, `pst_notes`) VALUES (3, 'Pet Partners', 'Albany', '811 4th St.', 'NY', '39187', 2129876543, 'petpartners@yahoo.com', 'http://petpartners.com', 87000, 'notes 3');
INSERT INTO `drp18c`.`petstore` (`pst_id`, `pst_name`, `pst_city`, `pst_street`, `pst_state`, `pst_zip`, `pst_phone`, `pst_email`, `pst_url`, `pst_ytd_sales`, `pst_notes`) VALUES (4, 'Pet Palace', 'Tallahassee', '18903 Tennesee St.', 'FL', '31908', 000036790, 'petpalace@gmail.com', 'http://petpalace.com', 34000, 'notes 4');
INSERT INTO `drp18c`.`petstore` (`pst_id`, `pst_name`, `pst_city`, `pst_street`, `pst_state`, `pst_zip`, `pst_phone`, `pst_email`, `pst_url`, `pst_ytd_sales`, `pst_notes`) VALUES (5, 'Purrs and Gurs', 'Pheonix', '751 Lois Lane', 'AZ', '19038', 4809130015, 'pursandgurs@aol.com', 'http://purrsandgurs.com', 97500, 'notes 5');
INSERT INTO `drp18c`.`petstore` (`pst_id`, `pst_name`, `pst_city`, `pst_street`, `pst_state`, `pst_zip`, `pst_phone`, `pst_email`, `pst_url`, `pst_ytd_sales`, `pst_notes`) VALUES (6, 'Big Dogs', 'Oviedo', '841 Kingsbridge Dr.', 'FL', '12974', 7723056789, 'bigdogs@gmail.com', 'http://bigdogs.com', 67000, 'notes 6');
INSERT INTO `drp18c`.`petstore` (`pst_id`, `pst_name`, `pst_city`, `pst_street`, `pst_state`, `pst_zip`, `pst_phone`, `pst_email`, `pst_url`, `pst_ytd_sales`, `pst_notes`) VALUES (7, 'Birds n Stuff', 'Atlanta', '675 Apple Dr.', 'GA', '48927', 6789097654, 'birdsnstuff@yahoo.com', 'http://birdnstuff.com', 30201, 'notes 7');
INSERT INTO `drp18c`.`petstore` (`pst_id`, `pst_name`, `pst_city`, `pst_street`, `pst_state`, `pst_zip`, `pst_phone`, `pst_email`, `pst_url`, `pst_ytd_sales`, `pst_notes`) VALUES (8, 'Pets of America', 'San Diego', '321 Breathway St.', 'CA', '90749', 9074389275, 'petsofamerica@gmail.com', 'http://petsofamerica.com', 39270, 'notes 8');
INSERT INTO `drp18c`.`petstore` (`pst_id`, `pst_name`, `pst_city`, `pst_street`, `pst_state`, `pst_zip`, `pst_phone`, `pst_email`, `pst_url`, `pst_ytd_sales`, `pst_notes`) VALUES (9, 'Petsupply', 'Sanford', '100 Rand Yard Rd.', 'FL', '89274', 7546782783, 'petsupply@aol.com', 'http://petsupply.com', 63999, 'notes 9');
INSERT INTO `drp18c`.`petstore` (`pst_id`, `pst_name`, `pst_city`, `pst_street`, `pst_state`, `pst_zip`, `pst_phone`, `pst_email`, `pst_url`, `pst_ytd_sales`, `pst_notes`) VALUES (10, 'Litterbox', 'Austin', '900 Bone Yd.', 'TX', '92387', 4298400921, 'litterbox@yahoo.com', 'http://literbox.com', 70000, 'notes 10');

COMMIT;


-- -----------------------------------------------------
-- Data for table `drp18c`.`customer`
-- -----------------------------------------------------
START TRANSACTION;
USE `drp18c`;
INSERT INTO `drp18c`.`customer` (`cus_id`, `cus_fname`, `cus_lname`, `cus_street`, `cus_city`, `cus_state`, `cus_zip`, `cus_phone`, `cus_email`, `cus_balance`, `cus_total_sales`, `cus_notes`) VALUES (DEFAULT, 'Jim', 'Carey', '601 Hollywood Dr.', 'L.A.', 'CA', '32765', 7768809800, 'jimcarey@gmail.com', 23.90, 30.40, 'notes 1');
INSERT INTO `drp18c`.`customer` (`cus_id`, `cus_fname`, `cus_lname`, `cus_street`, `cus_city`, `cus_state`, `cus_zip`, `cus_phone`, `cus_email`, `cus_balance`, `cus_total_sales`, `cus_notes`) VALUES (DEFAULT, 'Adam ', 'Sandler', '321 Gilmore Rd.', 'Chicago', 'IL', '82382', 9008997654, 'adamsandler@aol.com', 40.90, 89.00, 'notes 2');
INSERT INTO `drp18c`.`customer` (`cus_id`, `cus_fname`, `cus_lname`, `cus_street`, `cus_city`, `cus_state`, `cus_zip`, `cus_phone`, `cus_email`, `cus_balance`, `cus_total_sales`, `cus_notes`) VALUES (DEFAULT, 'WIll ', 'Ferrel', '900 Harvey Ln.', 'Pheonix', 'AZ', '90283', 8970806767, 'willferrel@aol.com', 130.54, 267.90, 'notes 3');
INSERT INTO `drp18c`.`customer` (`cus_id`, `cus_fname`, `cus_lname`, `cus_street`, `cus_city`, `cus_state`, `cus_zip`, `cus_phone`, `cus_email`, `cus_balance`, `cus_total_sales`, `cus_notes`) VALUES (DEFAULT, 'Bob ', 'Seger', '701 Bonefish Ct.', 'Boston', 'MS', '48920', 2974983840, 'bobseger@gmail.com', 14.00, 25.00, 'notes 4');
INSERT INTO `drp18c`.`customer` (`cus_id`, `cus_fname`, `cus_lname`, `cus_street`, `cus_city`, `cus_state`, `cus_zip`, `cus_phone`, `cus_email`, `cus_balance`, `cus_total_sales`, `cus_notes`) VALUES (DEFAULT, 'Adam', 'Lavine', '800 Maroon Rd.', 'Miami', 'FL', '38924', 4680238901, 'adamlavine@yahoo.com', 539.00, 900.70, 'notes 5');
INSERT INTO `drp18c`.`customer` (`cus_id`, `cus_fname`, `cus_lname`, `cus_street`, `cus_city`, `cus_state`, `cus_zip`, `cus_phone`, `cus_email`, `cus_balance`, `cus_total_sales`, `cus_notes`) VALUES (DEFAULT, 'Natasha', 'Something', '100 Dog Dr.', 'Portland', 'OR', '31893', 8029409231, 'natashasomething@outlook.com', 70.00, 95.00, 'notes 6');
INSERT INTO `drp18c`.`customer` (`cus_id`, `cus_fname`, `cus_lname`, `cus_street`, `cus_city`, `cus_state`, `cus_zip`, `cus_phone`, `cus_email`, `cus_balance`, `cus_total_sales`, `cus_notes`) VALUES (DEFAULT, 'Rachel ', 'Ray', '910 Yellow Ct.', 'Naples', 'FL', '47928', 5092390101, 'rachelray@gmail.com', 100.00, 120.00, 'notes 7');
INSERT INTO `drp18c`.`customer` (`cus_id`, `cus_fname`, `cus_lname`, `cus_street`, `cus_city`, `cus_state`, `cus_zip`, `cus_phone`, `cus_email`, `cus_balance`, `cus_total_sales`, `cus_notes`) VALUES (DEFAULT, 'Bill', 'Simmons', '220 Sting Ln.', 'San Diego', 'CA', '78492', 7502394890, 'billsimmons@gmai.com', 17.00, 56.00, 'notes 8');
INSERT INTO `drp18c`.`customer` (`cus_id`, `cus_fname`, `cus_lname`, `cus_street`, `cus_city`, `cus_state`, `cus_zip`, `cus_phone`, `cus_email`, `cus_balance`, `cus_total_sales`, `cus_notes`) VALUES (DEFAULT, 'Lebron ', 'James', '300 Laker Dr.', 'Cleveland', 'OH', '84039', 5720391830, 'lebronjames@yahoo.com', 85.00, 130.00, 'notes 9');
INSERT INTO `drp18c`.`customer` (`cus_id`, `cus_fname`, `cus_lname`, `cus_street`, `cus_city`, `cus_state`, `cus_zip`, `cus_phone`, `cus_email`, `cus_balance`, `cus_total_sales`, `cus_notes`) VALUES (DEFAULT, 'Olrando ', 'Bloom', '400 Gator Rd.', 'Orlando', 'FL', '30938', 1903848320, 'orlandobloom@aol.com', 450.00, 999.00, 'notes 10');

COMMIT;


-- -----------------------------------------------------
-- Data for table `drp18c`.`pet`
-- -----------------------------------------------------
START TRANSACTION;
USE `drp18c`;
INSERT INTO `drp18c`.`pet` (`pet_id`, `pst_id`, `cus_id`, `pet_type`, `pet_sex`, `pet_cost`, `pet_price`, `pet_age`, `pet_color`, `pet_sale_date`, `pet_vaccine`, `pet_neuter`, `pet_notes`) VALUES (DEFAULT, 1, NULL, 'Spider', 'f', 20, 43, 12, 'black', '2013-08-09', 'y', 'y', NULL);
INSERT INTO `drp18c`.`pet` (`pet_id`, `pst_id`, `cus_id`, `pet_type`, `pet_sex`, `pet_cost`, `pet_price`, `pet_age`, `pet_color`, `pet_sale_date`, `pet_vaccine`, `pet_neuter`, `pet_notes`) VALUES (DEFAULT, 2, 5, 'Monkey', 'm', 100, 80, 29, 'brown', '2001-09-02', 'y', 'n', NULL);
INSERT INTO `drp18c`.`pet` (`pet_id`, `pst_id`, `cus_id`, `pet_type`, `pet_sex`, `pet_cost`, `pet_price`, `pet_age`, `pet_color`, `pet_sale_date`, `pet_vaccine`, `pet_neuter`, `pet_notes`) VALUES (DEFAULT, 3, NULL, 'Slug', 'm', 350, 322, 1, 'grey', NULL, 'n', 'n', NULL);
INSERT INTO `drp18c`.`pet` (`pet_id`, `pst_id`, `cus_id`, `pet_type`, `pet_sex`, `pet_cost`, `pet_price`, `pet_age`, `pet_color`, `pet_sale_date`, `pet_vaccine`, `pet_neuter`, `pet_notes`) VALUES (DEFAULT, 4, NULL, 'Frog', 'f', 7000, 899, 42, 'green/red', NULL, 'n', 'n', NULL);
INSERT INTO `drp18c`.`pet` (`pet_id`, `pst_id`, `cus_id`, `pet_type`, `pet_sex`, `pet_cost`, `pet_price`, `pet_age`, `pet_color`, `pet_sale_date`, `pet_vaccine`, `pet_neuter`, `pet_notes`) VALUES (DEFAULT, 5, NULL, 'German Shepard', 'f', 50, 480, 4, 'black/brown', '2013-09-09', 'y', 'y', NULL);
INSERT INTO `drp18c`.`pet` (`pet_id`, `pst_id`, `cus_id`, `pet_type`, `pet_sex`, `pet_cost`, `pet_price`, `pet_age`, `pet_color`, `pet_sale_date`, `pet_vaccine`, `pet_neuter`, `pet_notes`) VALUES (DEFAULT, 6, 3, 'Cow', 'm', 100, 57, 23, 'black/white', NULL, 'n', 'y', NULL);
INSERT INTO `drp18c`.`pet` (`pet_id`, `pst_id`, `cus_id`, `pet_type`, `pet_sex`, `pet_cost`, `pet_price`, `pet_age`, `pet_color`, `pet_sale_date`, `pet_vaccine`, `pet_neuter`, `pet_notes`) VALUES (DEFAULT, 7, NULL, 'Cat', 'm', 130, 700, 8, 'white', NULL, 'n', 'n', NULL);
INSERT INTO `drp18c`.`pet` (`pet_id`, `pst_id`, `cus_id`, `pet_type`, `pet_sex`, `pet_cost`, `pet_price`, `pet_age`, `pet_color`, `pet_sale_date`, `pet_vaccine`, `pet_neuter`, `pet_notes`) VALUES (DEFAULT, 8, NULL, 'Mouse', 'm', 590, 10, 90, 'white', '2003-01-09', 'n', 'y', NULL);
INSERT INTO `drp18c`.`pet` (`pet_id`, `pst_id`, `cus_id`, `pet_type`, `pet_sex`, `pet_cost`, `pet_price`, `pet_age`, `pet_color`, `pet_sale_date`, `pet_vaccine`, `pet_neuter`, `pet_notes`) VALUES (DEFAULT, 9, NULL, 'Crocodile', 'f', 40, 34, 12, 'green', NULL, 'y', 'y', NULL);
INSERT INTO `drp18c`.`pet` (`pet_id`, `pst_id`, `cus_id`, `pet_type`, `pet_sex`, `pet_cost`, `pet_price`, `pet_age`, `pet_color`, `pet_sale_date`, `pet_vaccine`, `pet_neuter`, `pet_notes`) VALUES (DEFAULT, 10, 4, 'Racoon', 'f', 35, 90, 79, 'brown', '1980-09-08', 'y', 'n', 'dying');

COMMIT;

